prop_type,candidate,fold,parameter,value_1,value_2,train_games,test_games,standardization_mean,standardization_std
assists,v2_role_shock_calibrated,1,platt,-0.10535286646261266,0.25183158593700916,61,59,,
assists,v2_role_shock_calibrated,2,platt,-0.03040129320516952,0.35433026299044545,120,59,,
assists,v2_role_shock_calibrated,3,platt,-0.052909632990836584,0.4301338693951899,179,59,,
assists,v2_role_shock_calibrated,4,platt,-0.018971992953300525,0.47813737807750467,238,59,,
points_assists,v2_role_increment,1,gamma,0.24843720316825418,,61,59,0.14359868787059604,1.6248075833964695
points_assists,v2_role_increment,2,gamma,0.26202182407706864,,120,59,0.08091829201602434,1.5909858458252264
points_assists,v2_role_increment,3,gamma,0.24697447727974867,,179,59,-0.0011848963400110182,1.6430237127857932
points_assists,v2_role_increment,4,gamma,0.23829289848059673,,238,59,0.028260896391266402,1.6757145486602205
points_rebounds,v2_role_increment,1,gamma,0.3361343687811588,,61,59,0.1535259653508812,1.7871212926398423
points_rebounds,v2_role_increment,2,gamma,0.3121061732804731,,120,59,0.07554236991988182,1.724305786519781
points_rebounds,v2_role_increment,3,gamma,0.2779458325618821,,179,59,0.007117554305261056,1.7639584678516274
points_rebounds,v2_role_increment,4,gamma,0.25570097465943054,,238,59,0.044410181903293176,1.8087689469559978
