prop_type,model,rows,games,brier,logloss,calibration_intercept,calibration_slope,ece_deciles,auc,sharpness,mean_probability,observed_over_rate
points,candidate,8359,297,0.24997370034688426,0.6930963212659418,-0.022998465602763602,0.45338283909376226,0.015670018512597757,0.5082556103963484,0.01665031872190618,0.4930440970329021,0.4910874506519919
points,frozen,8359,297,0.24997370034688426,0.6930963212659418,-0.022998465602763602,0.45338283909376226,0.015670018512597757,0.5082556103963484,0.01665031872190618,0.4930440970329021,0.4910874506519919
points,market,8359,297,0.24913024169674086,0.6914029576667623,-0.03748000216560124,1.3288550008266413,0.014574388694428423,0.5359383187107125,0.01796757795807327,0.5003182340580269,0.4910874506519919
rebounds,candidate,6404,297,0.24654252288149464,0.6861186726294194,0.06029149057704428,1.1450786507372095,0.017238731417357392,0.5624888271018038,0.046518710216692606,0.462230463839577,0.47173641474078704
rebounds,frozen,6404,297,0.24654252288149464,0.6861186726294194,0.06029149057704428,1.1450786507372095,0.017238731417357392,0.5624888271018038,0.046518710216692606,0.462230463839577,0.47173641474078704
rebounds,market,6404,297,0.245269189340359,0.6835280979398025,-0.08932577934954004,1.1723102327496768,0.026309832209838804,0.5748410745434241,0.04816347144448552,0.4944976767296226,0.47173641474078704
assists,candidate,4123,236,0.245055501247118,0.683159510148944,0.05142157430622804,1.2902091265317677,0.027209965597605603,0.5851457613799596,0.04576615109318543,0.47736775847298785,0.48362842590346833
assists,frozen,4123,236,0.24603756441101987,0.6851817077283676,0.04364170448889068,1.2563877002615509,0.02508138991876415,0.5772041347150894,0.04091758803554277,0.4782738282677139,0.48362842590346833
assists,market,4123,236,0.24213911356242981,0.6772766706428013,-0.027874821289274536,1.2953885030634633,0.020385477500768464,0.6036199250640601,0.05940798725099874,0.4924453045332778,0.48362842590346833
steals,candidate,4468,296,0.23805377841521544,0.669196000966946,-0.016923255483946853,0.8019734339713339,0.02134671677436724,0.6231924718337335,0.10490894902184235,0.46848419157846954,0.4695613249776186
steals,frozen,4468,296,0.23805377841521544,0.669196000966946,-0.016923255483946853,0.8019734339713339,0.02134671677436724,0.6231924718337335,0.10490894902184235,0.46848419157846954,0.4695613249776186
steals,market,4468,296,0.2415007785402136,0.6760033193017779,-0.17057950820121418,0.9783440148514059,0.041240525586845,0.6109580955139111,0.0862276920435426,0.5108018505644637,0.4695613249776186
blocks,candidate,4375,296,0.20249948408780577,0.5909463703606228,-0.009099764805798334,0.975200635544394,0.014041316478361333,0.6763024962206408,0.1879210938529769,0.32842962701619566,0.3298285714285714
blocks,frozen,4375,296,0.20249948408780577,0.5909463703606228,-0.009099764805798334,0.975200635544394,0.014041316478361333,0.6763024962206408,0.1879210938529769,0.32842962701619566,0.3298285714285714
blocks,market,4375,296,0.2020355702996829,0.5903635132319374,-0.08066468530362174,1.0837293979927554,0.02835279298465822,0.6813720137389987,0.16884107486825867,0.35563872336365854,0.3298285714285714
threes,candidate,4685,297,0.24013479430526133,0.673033707762291,-0.06925814199946449,0.9222340153147157,0.018991215429668796,0.6020461312401625,0.0779736565078922,0.46270103916984656,0.4486659551760939
threes,frozen,4685,297,0.24013479430526133,0.673033707762291,-0.06925814199946449,0.9222340153147157,0.018991215429668796,0.6020461312401625,0.0779736565078922,0.46270103916984656,0.4486659551760939
threes,market,4685,297,0.23667640944946589,0.6654926830290362,-0.13492702072953805,1.1083010901134611,0.03451418910358449,0.6252861699474681,0.08646783341434827,0.4822051683389799,0.4486659551760939
points_assists,candidate,3846,236,0.247413316646166,0.6879472427530368,0.05624351142588101,0.878671383054785,0.022656368104295534,0.5616751078896204,0.0503195995762306,0.4783512659218375,0.49479979199167967
points_assists,frozen,3846,236,0.24996411031293428,0.6930707779994507,0.04423326987535574,0.8403690508071952,0.017547585312586978,0.5121052465038137,0.020473860162728372,0.48068412022289814,0.49479979199167967
points_assists,market,3846,236,0.2502937613585467,0.693735959968294,-0.020775239548411154,0.01999537097845096,0.024569091853380933,0.5008531373249541,0.014572804418973679,0.4996919929783478,0.49479979199167967
points_rebounds,candidate,4642,236,0.24695061760893064,0.6871891226745154,0.010188788467871777,0.7965682522555533,0.01480605212876881,0.5688043994890533,0.05525667633821792,0.48850667242565554,0.4933218440327445
points_rebounds,frozen,4642,236,0.24948276414975762,0.6920925204000535,0.00592281788393161,0.920076959682989,0.009723768306639975,0.520909641149036,0.0177567881702955,0.49114417583489905,0.4933218440327445
points_rebounds,market,4642,236,0.24950788071873561,0.6921620653854327,-0.024487397140331386,1.335421057205613,0.01701144708936308,0.5251573500579271,0.014153242780614627,0.49957351668515837,0.4933218440327445
rebounds_assists,candidate,4412,297,0.24851088691189546,0.6901400917923995,-0.001300766076110987,0.9630636745039727,0.020096339261892887,0.537962956859766,0.029513778480329617,0.4749333617290494,0.4755213055303717
rebounds_assists,frozen,4412,297,0.24851088691189546,0.6901400917923995,-0.001300766076110987,0.9630636745039727,0.020096339261892887,0.537962956859766,0.029513778480329617,0.4749333617290494,0.4755213055303717
rebounds_assists,market,4412,297,0.24842144718389048,0.6899829965092569,-0.09514650631309396,1.1219530768088315,0.024446050019319765,0.5452454821771239,0.030131610420900342,0.49923308848689485,0.4755213055303717
points_rebounds_assists,candidate,7126,297,0.24982373983378486,0.6927951950686082,-0.014451354397227271,0.5704034036243584,0.01280425826446802,0.512182432369059,0.017278350885541912,0.48518791161569436,0.4879315183833848
points_rebounds_assists,frozen,7126,297,0.24982373983378486,0.6927951950686082,-0.014451354397227271,0.5704034036243584,0.01280425826446802,0.512182432369059,0.017278350885541912,0.48518791161569436,0.4879315183833848
points_rebounds_assists,market,7126,297,0.2494332190350179,0.6920125843587419,-0.04772876041828137,1.2425974419475132,0.01545614148415811,0.5292257628783692,0.01491099505292298,0.49986702918443626,0.4879315183833848
