prop_type,comparison,metric,rows,games,bootstrap_resamples,seed,point_delta_candidate_minus_comparator,ci95_low,ci95_high,p_candidate_better
points,candidate_vs_frozen,brier,8359,297,5000,549481269,0.0,0.0,0.0,0.0
points,candidate_vs_frozen,logloss,8359,297,5000,549481269,0.0,0.0,0.0,0.0
points,candidate_vs_market,brier,8359,297,5000,1202788225,0.0008434586501434013,5.962520150874715e-05,0.0016406032037600063,0.017
points,candidate_vs_market,logloss,8359,297,5000,1202788225,0.001693363599179494,0.00012145115787668388,0.0032958751393345857,0.0174
rebounds,candidate_vs_frozen,brier,6404,297,5000,1107204581,0.0,0.0,0.0,0.0
rebounds,candidate_vs_frozen,logloss,6404,297,5000,1107204581,0.0,0.0,0.0,0.0
rebounds,candidate_vs_market,brier,6404,297,5000,1123795697,0.0012733335411356408,-0.00024149149557917946,0.0027762680744888163,0.051
rebounds,candidate_vs_market,logloss,6404,297,5000,1123795697,0.0025905746896168805,-0.0005239766689428602,0.005686363596694919,0.0524
assists,candidate_vs_frozen,brier,4123,236,5000,4035092750,-0.000982063163901888,-0.001844493524153618,-0.0001595309933011628,0.9894
assists,candidate_vs_frozen,logloss,4123,236,5000,4035092750,-0.0020221975794236656,-0.0037764056046027694,-0.0003354919434142075,0.9902
assists,candidate_vs_market,brier,4123,236,5000,344484185,0.0029163876846881624,0.000945174519833396,0.005015877590206362,0.0028
assists,candidate_vs_market,logloss,4123,236,5000,344484185,0.005882839506142687,0.0018119610925904314,0.010195206325815663,0.003
steals,candidate_vs_frozen,brier,4468,296,5000,3347698443,0.0,0.0,0.0,0.0
steals,candidate_vs_frozen,logloss,4468,296,5000,3347698443,0.0,0.0,0.0,0.0
steals,candidate_vs_market,brier,4468,296,5000,2858643809,-0.0034470001249981767,-0.005958627215899543,-0.0008655789691181631,0.9962
steals,candidate_vs_market,logloss,4468,296,5000,2858643809,-0.006807318334831985,-0.012455124262358336,-0.0009333932954929024,0.99
blocks,candidate_vs_frozen,brier,4375,296,5000,2065716367,0.0,0.0,0.0,0.0
blocks,candidate_vs_frozen,logloss,4375,296,5000,2065716367,0.0,0.0,0.0,0.0
blocks,candidate_vs_market,brier,4375,296,5000,3313448252,0.00046391378812292124,-0.0013597535669694506,0.002307877739309263,0.3168
blocks,candidate_vs_market,logloss,4375,296,5000,3313448252,0.0005828571286854349,-0.003731706553352789,0.0049327018801516315,0.4046
threes,candidate_vs_frozen,brier,4685,297,5000,631993895,0.0,0.0,0.0,0.0
threes,candidate_vs_frozen,logloss,4685,297,5000,631993895,0.0,0.0,0.0,0.0
threes,candidate_vs_market,brier,4685,297,5000,3457835694,0.0034583848557954554,0.001469453090730087,0.005541983353089575,0.0002
threes,candidate_vs_market,logloss,4685,297,5000,3457835694,0.007541024733254688,0.003384795770928253,0.011871511086287636,0.0002
points_assists,candidate_vs_frozen,brier,3846,236,5000,688349537,-0.002550793666768258,-0.004870162469460887,-0.00015788371955895235,0.983
points_assists,candidate_vs_frozen,logloss,3846,236,5000,688349537,-0.005123535246414048,-0.009865842880877043,-0.0002499598277268925,0.9812
points_assists,candidate_vs_market,brier,3846,236,5000,376559349,-0.0028804447123807397,-0.005388770430703327,-0.0005372834877853277,0.9918
points_assists,candidate_vs_market,logloss,3846,236,5000,376559349,-0.0057887172152573385,-0.010892688614176511,-0.0010133570362700253,0.991
points_rebounds,candidate_vs_frozen,brier,4642,236,5000,3261520567,-0.0025321465408270423,-0.005053713087148515,-1.1915780688935644e-05,0.9756
points_rebounds,candidate_vs_frozen,logloss,4642,236,5000,3261520567,-0.0049033977255381845,-0.010093437643493368,0.00031122182978398694,0.9674
points_rebounds,candidate_vs_market,brier,4642,236,5000,949705840,-0.0025572631098050003,-0.004931380030171742,-0.00013656562557107802,0.9818
points_rebounds,candidate_vs_market,logloss,4642,236,5000,949705840,-0.0049729427109172775,-0.009876662797409395,5.1614009174623074e-05,0.974
rebounds_assists,candidate_vs_frozen,brier,4412,297,5000,3542453462,0.0,0.0,0.0,0.0
rebounds_assists,candidate_vs_frozen,logloss,4412,297,5000,3542453462,0.0,0.0,0.0,0.0
rebounds_assists,candidate_vs_market,brier,4412,297,5000,273054526,8.943972800500282e-05,-0.0013066683151633797,0.00145284894899894,0.4626
rebounds_assists,candidate_vs_market,logloss,4412,297,5000,273054526,0.00015709528314271313,-0.002672125905019022,0.0029202305017883307,0.4696
points_rebounds_assists,candidate_vs_frozen,brier,7126,297,5000,3635123402,0.0,0.0,0.0,0.0
points_rebounds_assists,candidate_vs_frozen,logloss,7126,297,5000,3635123402,0.0,0.0,0.0,0.0
points_rebounds_assists,candidate_vs_market,brier,7126,297,5000,3759757405,0.0003905207987669709,-0.00035001708266718873,0.001125136535109336,0.1468
points_rebounds_assists,candidate_vs_market,logloss,7126,297,5000,3759757405,0.0007826107098663864,-0.0007025247240210501,0.0022562180128116757,0.1464
