prop_type,subgroup_family,subgroup_value,rows,games,candidate_brier,frozen_brier,brier_delta_candidate_minus_frozen,candidate_logloss,frozen_logloss,logloss_delta_candidate_minus_frozen,eligible_n_ge_300,subgroup_gate_fail
points,month,2026-02,3424,121,0.25019109887027624,0.25019109887027624,0.0,0.6935363435219978,0.6935363435219978,0.0,True,False
points,month,2026-03,4677,171,0.24981606338612247,0.24981606338612247,0.0,0.6927773178861106,0.6927773178861106,0.0,True,False
points,month,2026-06,258,5,0.24994616360808167,0.24994616360808167,0.0,0.6930395096486327,0.6930395096486327,0.0,False,False
points,line_quintile,"(0.499, 8.5]",2170,297,0.2501278515764253,0.2501278515764253,0.0,0.6934096118538531,0.6934096118538531,0.0,True,False
points,line_quintile,"(10.5, 13.5]",1710,292,0.24971485284950257,0.24971485284950257,0.0,0.6925627433170369,0.6925627433170369,0.0,True,False
points,line_quintile,"(13.5, 17.5]",1478,293,0.25071019756703516,0.25071019756703516,0.0,0.6945889209114934,0.6945889209114934,0.0,True,False
points,line_quintile,"(17.5, 49.5]",1634,292,0.2502131295038814,0.2502131295038814,0.0,0.6935809860822715,0.6935809860822715,0.0,True,False
points,line_quintile,"(8.5, 10.5]",1367,290,0.24897029940943194,0.24897029940943194,0.0,0.6910733316030682,0.6910733316030682,0.0,True,False
points,frozen_confidence,.025-.05,1222,256,0.25022398969198467,0.25022398969198467,0.0,0.6935991633497044,0.6935991633497044,0.0,True,False
points,frozen_confidence,.05-.10,348,132,0.23940890312950866,0.23940890312950866,0.0,0.6718278479684393,0.6718278479684393,0.0,True,False
points,frozen_confidence,.10-.15,50,36,0.30062460515176703,0.30062460515176703,0.0,0.7966602607738349,0.7966602607738349,0.0,False,False
points,frozen_confidence,.15+,6,4,0.1574976665839486,0.1574976665839486,0.0,0.49857876831207754,0.49857876831207754,0.0,False,False
points,frozen_confidence,0-.025,6733,297,0.25018059278922317,0.25018059278922317,0.0,0.6935085987089094,0.6935085987089094,0.0,True,False
points,starter_status,bench,2754,296,0.25022433107841385,0.25022433107841385,0.0,0.6936113150926554,0.6936113150926554,0.0,True,False
points,starter_status,starter,5605,297,0.24985055368593292,0.24985055368593292,0.0,0.6928432805881953,0.6928432805881953,0.0,True,False
rebounds,month,2026-02,2665,121,0.24666151052235588,0.24666151052235588,0.0,0.6863703043726347,0.6863703043726347,0.0,True,False
rebounds,month,2026-03,3602,171,0.2463914757419467,0.2463914757419467,0.0,0.685801478994524,0.685801478994524,0.0,True,False
rebounds,month,2026-06,137,5,0.2481992362665789,0.2481992362665789,0.0,0.6895634381566065,0.6895634381566065,0.0,False,False
rebounds,line_quintile,"(-0.001, 3.5]",2672,297,0.24692208726604342,0.24692208726604342,0.0,0.6868992224008287,0.6868992224008287,0.0,True,False
rebounds,line_quintile,"(3.5, 4.5]",1218,297,0.2472119761303341,0.2472119761303341,0.0,0.6875952597680068,0.6875952597680068,0.0,True,False
rebounds,line_quintile,"(4.5, 6.5]",1474,292,0.24435768774631147,0.24435768774631147,0.0,0.6816935228676442,0.6816935228676442,0.0,True,False
rebounds,line_quintile,"(6.5, 15.5]",1040,290,0.2478798852821285,0.2478798852821285,0.0,0.6886557482302387,0.6886557482302387,0.0,True,False
rebounds,frozen_confidence,.025-.05,1829,297,0.24912308553846677,0.24912308553846677,0.0,0.6913942016902314,0.6913942016902314,0.0,True,False
rebounds,frozen_confidence,.05-.10,1919,296,0.2427346603091042,0.2427346603091042,0.0,0.6785411245456227,0.6785411245456227,0.0,True,False
rebounds,frozen_confidence,.10-.15,416,201,0.24308768378525528,0.24308768378525528,0.0,0.6793003204403522,0.6793003204403522,0.0,True,False
rebounds,frozen_confidence,.15+,116,79,0.2160142293242382,0.2160142293242382,0.0,0.6202180587299414,0.6202180587299414,0.0,False,False
rebounds,frozen_confidence,0-.025,2124,295,0.25010463883888284,0.25010463883888284,0.0,0.6933565623862803,0.6933565623862803,0.0,True,False
rebounds,starter_status,bench,2049,296,0.2442724444369259,0.2442724444369259,0.0,0.6814964865855055,0.6814964865855055,0.0,True,False
rebounds,starter_status,starter,4355,297,0.24761058045507017,0.24761058045507017,0.0,0.688293381975913,0.688293381975913,0.0,True,False
assists,month,2026-02,1100,60,0.24724381891295805,0.24767098279551583,-0.00042716388255778504,0.6876146296546006,0.6885471719555273,-0.0009325423009266531,True,False
assists,month,2026-03,2906,171,0.24427234655993177,0.24560021151448952,-0.0013278649545577503,0.6815592122875266,0.6842715306031987,-0.002712318315672091,True,False
assists,month,2026-06,117,5,0.24393326268762275,0.2415434387218895,0.0023898239657332565,0.6810213403118218,0.6761472126502932,0.0048741276615286155,False,False
assists,line_quintile,"(-0.001, 1.5]",997,232,0.24483368851671733,0.24607453667160797,-0.0012408481548906447,0.6825638212450836,0.6850854414660217,-0.002521620220938048,True,False
assists,line_quintile,"(1.5, 2.5]",837,231,0.2429077335768497,0.24377085663801065,-0.0008631230611609586,0.6788679997942897,0.6805807253248791,-0.0017127255305894318,True,False
assists,line_quintile,"(2.5, 3.5]",935,234,0.24631344795054655,0.2463358988776151,-2.245092706854024e-05,0.6857259411404965,0.6858419868987988,-0.0001160457583023744,True,False
assists,line_quintile,"(3.5, 5.5]",910,233,0.24465933943009416,0.2462368006175572,-0.0015774611874630473,0.682377184942239,0.6856944968579135,-0.0033173119156745257,True,False
assists,line_quintile,"(5.5, 11.5]",444,190,0.2477653118732667,0.2491909999695489,-0.0014256880962822127,0.6887860843944273,0.6916299072847619,-0.0028438228903345797,True,False
assists,frozen_confidence,.025-.05,1278,234,0.2461475712574236,0.24677302283190777,-0.0006254515744841815,0.6854281857878999,0.686683164696311,-0.0012549789084110863,True,False
assists,frozen_confidence,.05-.10,929,232,0.2396605828931747,0.24078503282219874,-0.001124449929024024,0.6723250164105142,0.6746326238883916,-0.0023076074778773936,True,False
assists,frozen_confidence,.10-.15,211,119,0.2320246846427221,0.23488158464039788,-0.0028568999976757714,0.6564390972600261,0.662552702827594,-0.0061136055675679035,False,False
assists,frozen_confidence,.15+,66,51,0.25017134997255613,0.25453087322742685,-0.004359523254870712,0.6920846263228402,0.702212705721801,-0.010128079398960765,False,False
assists,frozen_confidence,0-.025,1639,235,0.24873339628390342,0.2495354529612569,-0.0008020566773534743,0.6906121194646851,0.6922176510162279,-0.0016055315515427493,True,False
assists,starter_status,bench,939,226,0.2409915979502534,0.24299346267291744,-0.002001864722664032,0.6746911196459808,0.6788139853472412,-0.004122865701260414,True,False
assists,starter_status,starter,3184,236,0.2462539953412624,0.246935306726371,-0.0006813113851086017,0.6856569406396107,0.6870596258552135,-0.001402685215602828,True,False
steals,month,2026-02,1848,121,0.2413648543095714,0.2413648543095714,0.0,0.6768325382978404,0.6768325382978404,0.0,True,False
steals,month,2026-03,2493,170,0.23681824309782293,0.23681824309782293,0.0,0.6664200354330196,0.6664200354330196,0.0,True,False
steals,month,2026-06,127,5,0.21412717442694604,0.21412717442694604,0.0,0.6125673481211633,0.6125673481211633,0.0,False,False
steals,line_quintile,"(0.499, 1.5]",4442,296,0.23857360197008246,0.23857360197008246,0.0,0.6703708920851236,0.6703708920851236,0.0,True,False
steals,line_quintile,"(1.5, 5.5]",26,20,0.14924392338754952,0.14924392338754952,0.0,0.468470372238321,0.468470372238321,0.0,False,False
steals,frozen_confidence,.025-.05,660,267,0.25056922627374495,0.25056922627374495,0.0,0.6942919258791185,0.6942919258791185,0.0,True,False
steals,frozen_confidence,.05-.10,1111,290,0.24668263697635573,0.24668263697635573,0.0,0.6864941885411097,0.6864941885411097,0.0,True,False
steals,frozen_confidence,.10-.15,846,279,0.23360420971942683,0.23360420971942683,0.0,0.6599286062687607,0.6599286062687607,0.0,True,False
steals,frozen_confidence,.15+,1144,290,0.21849091264844875,0.21849091264844875,0.0,0.6302293991894306,0.6302293991894306,0.0,True,False
steals,frozen_confidence,0-.025,707,266,0.24978984079960292,0.24978984079960292,0.0,0.6927269932034565,0.6927269932034565,0.0,True,False
steals,starter_status,bench,1434,296,0.24026084475674706,0.24026084475674706,0.0,0.673832375276825,0.673832375276825,0.0,True,False
steals,starter_status,starter,3034,296,0.23701062313052318,0.23701062313052318,0.0,0.6670046493649794,0.6670046493649794,0.0,True,False
blocks,month,2026-02,1812,121,0.20452014783618283,0.20452014783618283,0.0,0.5954184659420314,0.5954184659420314,0.0,True,False
blocks,month,2026-03,2482,170,0.20147586801497583,0.20147586801497583,0.0,0.5888134310498476,0.5888134310498476,0.0,True,False
blocks,month,2026-06,81,5,0.18866210607181416,0.18866210607181416,0.0,0.556261409568421,0.556261409568421,0.0,False,False
blocks,line_quintile,"(0.499, 3.5]",4375,296,0.20249948408780577,0.20249948408780577,0.0,0.5909463703606228,0.5909463703606228,0.0,True,False
blocks,frozen_confidence,.025-.05,313,194,0.24755331621528617,0.24755331621528617,0.0,0.6882446714063262,0.6882446714063262,0.0,True,False
blocks,frozen_confidence,.05-.10,585,264,0.23996863012108244,0.23996863012108244,0.0,0.6729420193676144,0.6729420193676144,0.0,True,False
blocks,frozen_confidence,.10-.15,565,254,0.23418246387736436,0.23418246387736436,0.0,0.6611116702092527,0.6611116702092527,0.0,True,False
blocks,frozen_confidence,.15+,2556,296,0.1748207170334604,0.1748207170334604,0.0,0.5305872709916779,0.5305872709916779,0.0,True,False
blocks,frozen_confidence,0-.025,356,230,0.24976000410027202,0.24976000410027202,0.0,0.692667271136331,0.692667271136331,0.0,True,False
blocks,starter_status,bench,1403,296,0.17836056935080502,0.17836056935080502,0.0,0.5372268689282368,0.5372268689282368,0.0,True,False
blocks,starter_status,starter,2972,296,0.21389480621970755,0.21389480621970755,0.0,0.6163058792804201,0.6163058792804201,0.0,True,False
threes,month,2026-02,2034,121,0.24360561700498415,0.24360561700498415,0.0,0.6803163652377759,0.6803163652377759,0.0,True,False
threes,month,2026-03,2557,171,0.23727217559527153,0.23727217559527153,0.0,0.667024830620694,0.667024830620694,0.0,True,False
threes,month,2026-06,94,5,0.2429014184564063,0.2429014184564063,0.0,0.678903639101934,0.678903639101934,0.0,False,False
threes,line_quintile,"(0.499, 1.5]",3343,297,0.23858626250155587,0.23858626250155587,0.0,0.669258745323237,0.669258745323237,0.0,True,False
threes,line_quintile,"(1.5, 2.5]",1067,295,0.24121461211548414,0.24121461211548414,0.0,0.6753130696965159,0.6753130696965159,0.0,True,False
threes,line_quintile,"(2.5, 5.5]",275,164,0.25476961690991423,0.25476961690991423,0.0,0.7100795995802508,0.7100795995802508,0.0,False,False
threes,frozen_confidence,.025-.05,909,288,0.2462467144143535,0.2462467144143535,0.0,0.6856248443105117,0.6856248443105117,0.0,True,False
threes,frozen_confidence,.05-.10,1426,294,0.2421859435171905,0.2421859435171905,0.0,0.6774379043215316,0.6774379043215316,0.0,True,False
threes,frozen_confidence,.10-.15,877,287,0.23589879597976943,0.23589879597976943,0.0,0.6646504532273574,0.6646504532273574,0.0,True,False
threes,frozen_confidence,.15+,545,242,0.21611655268223495,0.21611655268223495,0.0,0.6228011437114561,0.6228011437114561,0.0,True,False
threes,frozen_confidence,0-.025,928,278,0.24910487842231954,0.24910487842231954,0.0,0.6913560506707304,0.6913560506707304,0.0,True,False
threes,starter_status,bench,1420,295,0.2396151007532016,0.2396151007532016,0.0,0.6729875908892311,0.6729875908892311,0.0,True,False
threes,starter_status,starter,3265,297,0.24036081722836233,0.24036081722836233,0.0,0.6730537647178024,0.6730537647178024,0.0,True,False
points_assists,month,2026-02,1001,60,0.24522468077147472,0.2494247432782801,-0.00420006250680538,0.6835214366132695,0.6919719036285314,-0.008450467015261975,True,False
points_assists,month,2026-03,2717,171,0.24766849535719362,0.25016890226642186,-0.002500406909228231,0.6884673553111812,0.6934876120102147,-0.0050202566990334985,True,False
points_assists,month,2026-06,128,5,0.2591125662766657,0.2498350998759274,0.009277466400738288,0.7115182281079466,0.6928163657966744,0.018701862311272244,False,False
points_assists,line_quintile,"(12.5, 15.5]",818,223,0.248184320114673,0.2506838812663902,-0.002499561151717178,0.6895573108335664,0.6945221042813935,-0.004964793447827076,True,False
points_assists,line_quintile,"(15.5, 19.5]",744,213,0.24687710765994242,0.24984588098316363,-0.0029687733232212077,0.6868507057785805,0.6928468377564297,-0.005996131977849206,True,False
points_assists,line_quintile,"(19.5, 23.5]",656,214,0.24765234734052463,0.2506450912061393,-0.002992743865614683,0.6884045372367029,0.6944368502316657,-0.006032312994962763,True,False
points_assists,line_quintile,"(23.5, 43.5]",758,224,0.24694241109461984,0.24895027961016075,-0.0020078685155409115,0.6869444527957592,0.6910430268822211,-0.004098574086461859,True,False
points_assists,line_quintile,"(3.499, 12.5]",870,229,0.2473769958658032,0.24975830593153453,-0.0023813100657313346,0.687900021402983,0.6926343626025606,-0.0047343411995776075,True,False
points_assists,frozen_confidence,.025-.05,938,209,0.24196590532677528,0.2500429824296557,-0.008077077102880442,0.6769257216287712,0.6932366424172992,-0.016310920788528027,True,False
points_assists,frozen_confidence,.05-.10,169,80,0.24507921887951217,0.2455605523540116,-0.0004813334744994402,0.683145281734003,0.684230335385049,-0.0010850536510459419,False,False
points_assists,frozen_confidence,.10-.15,13,10,0.265880404116111,0.24124921184314793,0.024631192272963093,0.7285028261628526,0.6759040822348473,0.05259874392800523,False,False
points_assists,frozen_confidence,.15+,1,1,0.2135006993768967,0.0830242360331022,0.13047646334379448,0.620010775301178,0.33987298360785106,0.2801377916933269,False,False
points_assists,frozen_confidence,0-.025,2725,236,0.24935752758940014,0.25031290033273623,-0.000955372743336097,0.6918703371052942,0.6937734638039363,-0.0019031266986421214,True,False
points_assists,starter_status,bench,551,224,0.24504735707114997,0.24765800802675356,-0.0026106509556035884,0.6830814042799321,0.6884539022771394,-0.005372497997207293,True,False
points_assists,starter_status,starter,3295,236,0.2478089596585587,0.2503497438060103,-0.0025407841474516246,0.6887609231775225,0.6938428261096157,-0.005081902932093207,True,False
points_rebounds,month,2026-02,1218,60,0.2445659162354603,0.24952309041327703,-0.004957174177816714,0.6823736810333788,0.6921295145605695,-0.009755833527190672,True,False
points_rebounds,month,2026-03,3250,171,0.2474035124151816,0.2494187677708776,-0.002015255355695994,0.6881146157883731,0.6919798312138098,-0.003865215425436719,True,False
points_rebounds,month,2026-06,174,5,0.2551842851524424,0.25039581496811136,0.0047884701843310395,0.7036107048519106,0.6939383880309948,0.009672316820915738,False,False
points_rebounds,line_quintile,"(13.5, 16.5]",887,226,0.2485873050933872,0.24850427602188538,8.302907150181671e-05,0.6904325035347946,0.690096238738764,0.0003362647960305498,True,False
points_rebounds,line_quintile,"(16.5, 19.5]",838,232,0.24585419820410132,0.24884437800271333,-0.0029901797986120193,0.6850231683556125,0.6907891593885972,-0.005765991032984696,True,False
points_rebounds,line_quintile,"(19.5, 24.5]",903,223,0.24757149488774158,0.2500073241654352,-0.0024358292776936186,0.6883176068286332,0.6931570323809757,-0.004839425552342513,True,False
points_rebounds,line_quintile,"(24.5, 44.5]",839,229,0.24649790478090075,0.25003098012816233,-0.0035330753472615772,0.6860695442356508,0.6932069930620179,-0.007137448826367132,True,False
points_rebounds,line_quintile,"(3.499, 13.5]",1175,235,0.24634315509189628,0.24988213066942355,-0.0035389755775272758,0.6862176299215044,0.6929151769779287,-0.0066975470564243356,True,False
points_rebounds,frozen_confidence,.025-.05,770,202,0.2429947072732443,0.24912888979312048,-0.006134182519876186,0.6794014381063692,0.6914049535708392,-0.012003515464469983,True,False
points_rebounds,frozen_confidence,.05-.10,214,110,0.24492634535354005,0.2477669779011118,-0.0028406325475717475,0.6838736389288044,0.6886893131228381,-0.0048156741940337255,False,False
points_rebounds,frozen_confidence,.10-.15,21,19,0.29928090156862097,0.22859271231924447,0.0706881892493765,0.7953956760913771,0.6501026966335014,0.14529297945787567,False,False
points_rebounds,frozen_confidence,.15+,5,3,0.3101897944968589,0.15457740726626787,0.15561238723059104,0.8187744597278941,0.4841730682844931,0.334601391443401,False,False
points_rebounds,frozen_confidence,0-.025,3632,236,0.247518930762438,0.2499103190464204,-0.0023913882839823875,0.6882287059157141,0.6929678222655531,-0.004739116349839034,True,False
points_rebounds,starter_status,bench,1061,235,0.2451605820414522,0.2489740910251908,-0.0038135089837386116,0.6833324359566582,0.691104063595239,-0.007771627638580858,True,False
points_rebounds,starter_status,starter,3581,236,0.24748098000409804,0.24963347685156312,-0.002152496847465074,0.6883318047766227,0.6923853862671042,-0.004053581490481517,True,False
rebounds_assists,month,2026-02,1871,121,0.24822948619857899,0.24822948619857899,0.0,0.6895730673596836,0.6895730673596836,0.0,True,False
rebounds_assists,month,2026-03,2443,171,0.2487096343310466,0.2487096343310466,0.0,0.6905395474534708,0.6905395474534708,0.0,True,False
rebounds_assists,month,2026-06,98,5,0.2489288541530058,0.2489288541530058,0.0,0.6910077707068354,0.6910077707068354,0.0,False,False
rebounds_assists,line_quintile,"(10.5, 30.5]",873,285,0.24955565831803844,0.24955565831803844,0.0,0.6920668011467598,0.6920668011467598,0.0,True,False
rebounds_assists,line_quintile,"(2.499, 6.5]",1371,293,0.24835713566539913,0.24835713566539913,0.0,0.6899106663081735,0.6899106663081735,0.0,True,False
rebounds_assists,line_quintile,"(6.5, 7.5]",700,272,0.25078522380422635,0.25078522380422635,0.0,0.6947572806944,0.6947572806944,0.0,True,False
rebounds_assists,line_quintile,"(7.5, 8.5]",614,259,0.24804426825103765,0.24804426825103765,0.0,0.6892320758728315,0.6892320758728315,0.0,True,False
rebounds_assists,line_quintile,"(8.5, 10.5]",854,278,0.2461609753832289,0.2461609753832289,0.0,0.6854070878295564,0.6854070878295564,0.0,True,False
rebounds_assists,frozen_confidence,.025-.05,1425,294,0.24844940767537996,0.24844940767537996,0.0,0.6900424880364548,0.6900424880364548,0.0,True,False
rebounds_assists,frozen_confidence,.05-.10,561,223,0.24541851647127846,0.24541851647127846,0.0,0.6839618112727336,0.6839618112727336,0.0,True,False
rebounds_assists,frozen_confidence,.10-.15,79,59,0.259880025352319,0.259880025352319,0.0,0.7136460285577126,0.7136460285577126,0.0,False,False
rebounds_assists,frozen_confidence,.15+,24,17,0.22694449308759843,0.22694449308759843,0.0,0.640115559606728,0.640115559606728,0.0,False,False
rebounds_assists,frozen_confidence,0-.025,2323,296,0.24913157535107347,0.24913157535107347,0.0,0.6914094505921199,0.6914094505921199,0.0,True,False
rebounds_assists,starter_status,bench,674,272,0.24334681973989705,0.24334681973989705,0.0,0.679763918109625,0.679763918109625,0.0,True,False
rebounds_assists,starter_status,starter,3738,297,0.24944202154911507,0.24944202154911507,0.0,0.6920110230556928,0.6920110230556928,0.0,True,False
points_rebounds_assists,month,2026-02,2944,121,0.24989102291757556,0.24989102291757556,0.0,0.6929338774139367,0.6929338774139367,0.0,True,False
points_rebounds_assists,month,2026-03,3916,171,0.24975582426085516,0.24975582426085516,0.0,0.6926562701087261,0.6926562701087261,0.0,True,False
points_rebounds_assists,month,2026-06,266,5,0.2500789127093969,0.2500789127093969,0.0,0.6933055308515068,0.6933055308515068,0.0,False,False
points_rebounds_assists,line_quintile,"(15.5, 18.5]",1178,281,0.2498153529755829,0.2498153529755829,0.0,0.6927829501268575,0.6927829501268575,0.0,True,False
points_rebounds_assists,line_quintile,"(18.5, 23.5]",1645,295,0.24967688519327114,0.24967688519327114,0.0,0.6925037359617686,0.6925037359617686,0.0,True,False
points_rebounds_assists,line_quintile,"(2.499, 15.5]",1682,290,0.24998151595329204,0.24998151595329204,0.0,0.6931119311850182,0.6931119311850182,0.0,True,False
points_rebounds_assists,line_quintile,"(23.5, 28.5]",1246,279,0.24981848502357334,0.24981848502357334,0.0,0.6927770252738885,0.6927770252738885,0.0,True,False
points_rebounds_assists,line_quintile,"(28.5, 54.5]",1375,288,0.2498183752251444,0.2498183752251444,0.0,0.6927833872057373,0.6927833872057373,0.0,True,False
points_rebounds_assists,frozen_confidence,.025-.05,1149,259,0.24915457589444617,0.24915457589444617,0.0,0.6914540765957077,0.6914540765957077,0.0,True,False
points_rebounds_assists,frozen_confidence,.05-.10,181,95,0.24811099136514858,0.24811099136514858,0.0,0.6894237399292968,0.6894237399292968,0.0,False,False
points_rebounds_assists,frozen_confidence,.10-.15,17,11,0.25041027810988387,0.25041027810988387,0.0,0.6937646730621899,0.6937646730621899,0.0,False,False
points_rebounds_assists,frozen_confidence,0-.025,5779,297,0.25000870361444405,0.25000870361444405,0.0,0.6931645837828645,0.6931645837828645,0.0,True,False
points_rebounds_assists,starter_status,bench,2097,295,0.24880426334233732,0.24880426334233732,0.0,0.6907523522254603,0.6907523522254603,0.0,True,False
points_rebounds_assists,starter_status,starter,5029,297,0.2502488426778026,0.2502488426778026,0.0,0.6936470227564351,0.6936470227564351,0.0,True,False
