scope,group_value,metric,rows,games,inferential_status,point,ci_low,ci_high,p_model_better
overall,ALL,delta_brier_selected_market,56051,297,inferential,0.0008766804993075016,0.00026301241737109577,0.0015008926058596775,0.0028
overall,ALL,delta_logloss_selected_market,56051,297,inferential,0.0018160553821440094,0.0005389780871178889,0.003113752944969838,0.0044
prop,assists,delta_brier_selected_market,5260,297,inferential,0.00431651097054697,0.0026130008070978372,0.00602364020286849,0.0
prop,assists,delta_logloss_selected_market,5260,297,inferential,0.00888026842524572,0.005224317632152766,0.012420389602620227,0.0
prop,blocks,delta_brier_selected_market,4375,296,inferential,0.00046391378812292173,-0.0014124389079816992,0.0023025568908255733,0.316
prop,blocks,delta_logloss_selected_market,4375,296,inferential,0.0005828571286854353,-0.003920943472477104,0.005120260223132809,0.4024
prop,points,delta_brier_selected_market,8359,297,inferential,0.0008434586501434012,4.904561996510827e-05,0.001650479033120759,0.0188
prop,points,delta_logloss_selected_market,8359,297,inferential,0.0016933635991794934,8.562351302604126e-05,0.0032630417016678193,0.0208
prop,points_assists,delta_brier_selected_market,4947,297,inferential,0.00031190652293720084,-0.0009050756998720976,0.0015062992957815605,0.306
prop,points_assists,delta_logloss_selected_market,4947,297,inferential,0.0006519561992624882,-0.0018260877371524392,0.0029878193103131103,0.297
prop,points_rebounds,delta_brier_selected_market,6015,297,inferential,0.0006114134551516039,-0.0003538964645220454,0.0015677306225299011,0.1088
prop,points_rebounds,delta_logloss_selected_market,6015,297,inferential,0.0012264045804091048,-0.0006453887559647641,0.0031393215719864036,0.101
prop,points_rebounds_assists,delta_brier_selected_market,7126,297,inferential,0.00039052079876697096,-0.00032104881353576387,0.0010998306215521164,0.1408
prop,points_rebounds_assists,delta_logloss_selected_market,7126,297,inferential,0.0007826107098663869,-0.0006568975279540051,0.002248748690858422,0.1392
prop,rebounds,delta_brier_selected_market,6404,297,inferential,0.0012733335411356408,-0.0002471897591381698,0.0027935605479065618,0.0496
prop,rebounds,delta_logloss_selected_market,6404,297,inferential,0.002590574689616879,-0.00048373036324239854,0.005672572227452517,0.0494
prop,rebounds_assists,delta_brier_selected_market,4412,297,inferential,8.943972800500262e-05,-0.0012381628758394703,0.001482514119817929,0.443
prop,rebounds_assists,delta_logloss_selected_market,4412,297,inferential,0.00015709528314271324,-0.002574642497696119,0.00292027589881188,0.4558
prop,steals,delta_brier_selected_market,4468,296,inferential,-0.0034470001249981776,-0.005962820795637953,-0.000933268939727207,0.9972
prop,steals,delta_logloss_selected_market,4468,296,inferential,-0.006807318334831985,-0.012510749533012809,-0.0010943007773664313,0.989
prop,threes,delta_brier_selected_market,4685,297,inferential,0.0034583848557954546,0.0013789921115503205,0.005541530155951015,0.0
prop,threes,delta_logloss_selected_market,4685,297,inferential,0.0075410247332546865,0.003142943287422612,0.011943092929174797,0.0006
