scope,group_value,metric,rows,games,point,ci_low,ci_high
overall,ALL,brier_selected,56051,297,0.24370743856252053,0.24291360757658048,0.244484656338663
overall,ALL,logloss_selected,56051,297,0.6799600567880557,0.6783092076557494,0.6817641060106966
overall,ALL,brier_market,56051,297,0.242830758063213,0.24224612341428722,0.24342209243180632
overall,ALL,logloss_market,56051,297,0.6781440014059117,0.6768720709380465,0.6794118735336435
prop,assists,brier_selected,5260,297,0.24657108819981674,0.2450107992011552,0.2481992799488084
prop,assists,logloss_selected,5260,297,0.6863823878804702,0.683160839050746,0.6896894078388872
prop,assists,brier_market,5260,297,0.24225457722926982,0.24068384145631316,0.24385781861299355
prop,assists,logloss_market,5260,297,0.6775021194552245,0.6742217824605268,0.6807806808048344
prop,blocks,brier_selected,4375,296,0.20249948408780577,0.19692079902172654,0.20815777694271875
prop,blocks,logloss_selected,4375,296,0.5909463703606228,0.5776452746192974,0.6040859264628136
prop,blocks,brier_market,4375,296,0.20203557029968286,0.19697218962965957,0.207096520380673
prop,blocks,logloss_market,4375,296,0.5903635132319374,0.5787417061069045,0.6012949046084257
prop,points,brier_selected,8359,297,0.24997370034688426,0.24932076293449768,0.25063108320853716
prop,points,logloss_selected,8359,297,0.6930963212659418,0.6917176705903698,0.6944226711629716
prop,points,brier_market,8359,297,0.24913024169674086,0.2486969438817536,0.24956194494919473
prop,points,logloss_market,8359,297,0.6914029576667623,0.6905389433771442,0.6922609732124316
prop,points_assists,brier_selected,4947,297,0.25042662407373073,0.24927963511364662,0.2515007875971558
prop,points_assists,logloss_selected,4947,297,0.694029520683158,0.6918205183981796,0.6962926250647072
prop,points_assists,brier_market,4947,297,0.25011471755079356,0.24965597681359972,0.2505674244196497
prop,points_assists,logloss_market,4947,297,0.6933775644838955,0.692478760614614,0.6942804775323834
prop,points_rebounds,brier_selected,6015,297,0.2501359415855431,0.24916433439530844,0.25107141827279333
prop,points_rebounds,logloss_selected,6015,297,0.69342176997744,0.6915736765376238,0.6953449292833558
prop,points_rebounds,brier_market,6015,297,0.24952452813039142,0.24913360937531076,0.24990871955012076
prop,points_rebounds,logloss_market,6015,297,0.692195365397031,0.69144307504975,0.692971340434525
prop,points_rebounds_assists,brier_selected,7126,297,0.24982373983378486,0.24920737849732727,0.2504341782604124
prop,points_rebounds_assists,logloss_selected,7126,297,0.6927951950686083,0.6916094775449991,0.6940267486740873
prop,points_rebounds_assists,brier_market,7126,297,0.2494332190350179,0.24899808273660487,0.24986290451774085
prop,points_rebounds_assists,logloss_market,7126,297,0.6920125843587419,0.691151330544901,0.6928744966395707
prop,rebounds,brier_selected,6404,297,0.2465425228814946,0.24502193602537656,0.2480639596407314
prop,rebounds,logloss_selected,6404,297,0.6861186726294194,0.6830105479393647,0.6891554699428751
prop,rebounds,brier_market,6404,297,0.24526918934035902,0.24401745811625894,0.24645442911797671
prop,rebounds,logloss_market,6404,297,0.6835280979398025,0.6810943214923565,0.6861294571057941
prop,rebounds_assists,brier_selected,4412,297,0.24851088691189546,0.24728973017794026,0.24971456904298953
prop,rebounds_assists,logloss_selected,4412,297,0.6901400917923997,0.6876751181820074,0.6925597369257089
prop,rebounds_assists,brier_market,4412,297,0.24842144718389048,0.24751328272262915,0.24930566779105628
prop,rebounds_assists,logloss_market,4412,297,0.689982996509257,0.6881527819283303,0.6917978110665038
prop,steals,brier_selected,4468,296,0.23805377841521544,0.23447801930174889,0.24157648091270895
prop,steals,logloss_selected,4468,296,0.669196000966946,0.661639327183019,0.6768417978707332
prop,steals,brier_market,4468,296,0.2415007785402136,0.23878222929376036,0.24429505548733002
prop,steals,logloss_market,4468,296,0.6760033193017779,0.6704866269637567,0.6817251075280781
prop,threes,brier_selected,4685,297,0.24013479430526138,0.2376635080283409,0.2426421239933718
prop,threes,logloss_selected,4685,297,0.6730337077622909,0.6676227198797561,0.6783584769274035
prop,threes,brier_market,4685,297,0.23667640944946586,0.23423255166863605,0.23906921697035186
prop,threes,logloss_market,4685,297,0.6654926830290362,0.6605107283262655,0.6706708076162741
