scope,group_value,confidence_bucket,rows,games,inferential_status,mean_confidence,realized_correctness_rate,calibration_gap,brier_selected,logloss_selected
overall,ALL,0.5000-<0.5250,28656,297,inferential,0.5116089144904472,0.5053740926856505,-0.006234821804796731,0.24995726038558705,0.6930616969992238
overall,ALL,0.5250-<0.5500,11483,297,inferential,0.5355145870906051,0.5310458939301577,-0.004468693160447401,0.24903398494384835,0.6912139998886855
overall,ALL,0.5500-<0.6000,8079,297,inferential,0.5702485904199028,0.5812600569377399,0.01101146651783702,0.243348058919995,0.6797795620000124
overall,ALL,0.6000-<0.6500,3295,297,inferential,0.6220402013197996,0.607587253414264,-0.01445294790553564,0.23810717506552118,0.6691471325289211
overall,ALL,0.6500-<0.7000,1636,295,inferential,0.6724140447945749,0.6442542787286064,-0.028159766065968483,0.23008718004342968,0.6529481020534833
overall,ALL,0.7000-1.0000,2902,297,inferential,0.7832380535790868,0.766368022053756,-0.016870031525330842,0.175953962695266,0.5340636854084715
prop,assists,0.5000-<0.5250,2012,296,inferential,0.5123962534424311,0.525844930417495,0.013448676975063911,0.24939589602495904,0.6919383539618672
prop,assists,0.5250-<0.5500,1603,294,inferential,0.5365780994643801,0.5570804741110418,0.020502374646661714,0.24710360299283543,0.6873458417619673
prop,assists,0.5500-<0.6000,1221,293,inferential,0.5689810528353809,0.6011466011466011,0.032165548311220205,0.2409370896209316,0.674935311089404
prop,assists,0.6000-<0.6500,317,168,inferential,0.6197943932508935,0.6182965299684543,-0.0014978632824391713,0.2362873317097319,0.6654849286300886
prop,assists,0.6500-<0.7000,77,60,descriptive_only,0.6714794842507179,0.5194805194805194,-0.15199896477019847,0.27428687962885706,0.7453701451990165
prop,assists,0.7000-1.0000,30,26,descriptive_only,0.7346849338301668,0.5333333333333333,-0.20135160049683343,0.2954981740246289,0.7975923113112791
prop,blocks,0.5000-<0.5250,356,230,inferential,0.5126665795271063,0.5,-0.012666579527106259,0.24976000410027202,0.692667271136331
prop,blocks,0.5250-<0.5500,313,194,inferential,0.5370725724622949,0.549520766773163,0.012448194310868077,0.24755331621528612,0.6882446714063262
prop,blocks,0.5500-<0.6000,585,264,inferential,0.5751734071459699,0.6,0.024826592854030105,0.23996863012108244,0.6729420193676144
prop,blocks,0.6000-<0.6500,565,254,inferential,0.6250691416126313,0.6230088495575221,-0.0020602920551091586,0.23418246387736436,0.6611116702092527
prop,blocks,0.6500-<0.7000,521,245,inferential,0.6740075035239204,0.6641074856046065,-0.00990001791931383,0.22335579566933528,0.6389260080864655
prop,blocks,0.7000-1.0000,2035,296,inferential,0.795205577683997,0.7901719901719901,-0.005033587512006887,0.16239478289621675,0.5028504247870664
prop,points,0.5000-<0.5250,6733,297,inferential,0.5100060592024351,0.5030447051834249,-0.006961354019010213,0.25018059278922317,0.6935085987089095
prop,points,0.5250-<0.5500,1222,256,inferential,0.5341415660647231,0.5171849427168577,-0.016956623347865407,0.2502239896919846,0.6935991633497044
prop,points,0.5500-<0.6000,348,132,inferential,0.5664981314899898,0.6063218390804598,0.03982370759046994,0.23940890312950866,0.6718278479684393
prop,points,0.6000-<0.6500,50,36,descriptive_only,0.6166476673714205,0.34,-0.2766476673714205,0.300624605151767,0.7966602607738349
prop,points,0.6500-<0.7000,5,4,descriptive_only,0.6720571868361589,0.8,0.12794281316384115,0.1769141432479266,0.5418762544350907
prop,points,0.7000-1.0000,1,1,descriptive_only,0.7542047940580234,1.0,0.24579520594197657,0.06041528326405867,0.28209133769701206
prop,points_assists,0.5000-<0.5250,3255,296,inferential,0.512667385337218,0.5019969278033795,-0.010670457533838551,0.2501601141985902,0.693467731322342
prop,points_assists,0.5250-<0.5500,1287,268,inferential,0.5342581690257914,0.5042735042735043,-0.029984664752287116,0.2511030694827593,0.6953613235415983
prop,points_assists,0.5500-<0.6000,327,128,inferential,0.5669826301128434,0.5535168195718655,-0.013465810540977952,0.24665620020125725,0.6864360208883017
prop,points_assists,0.6000-<0.6500,63,36,descriptive_only,0.6183812397200036,0.5396825396825397,-0.07869870003746393,0.2546999240291165,0.7030338155289011
prop,points_assists,0.6500-<0.7000,12,8,descriptive_only,0.6704432968104542,0.3333333333333333,-0.3371099634771209,0.335833139676147,0.8734957448977756
prop,points_assists,0.7000-1.0000,3,3,descriptive_only,0.7124677840335619,0.6666666666666666,-0.045801117366895294,0.22900559875480272,0.6529639399178138
prop,points_rebounds,0.5000-<0.5250,4439,297,inferential,0.5107060634539181,0.49200270331155666,-0.018703360142361458,0.2502394911326383,0.6936264002748874
prop,points_rebounds,0.5250-<0.5500,1086,263,inferential,0.5345762984589605,0.511049723756906,-0.023526574702054437,0.25040840688405563,0.6939680150142374
prop,points_rebounds,0.5500-<0.6000,400,168,inferential,0.5666200123838587,0.5425,-0.024120012383858747,0.24913750441218455,0.6914528230461489
prop,points_rebounds,0.6000-<0.6500,65,42,descriptive_only,0.6211527895241175,0.6,-0.021152789524117477,0.24377325299251446,0.6810742282576883
prop,points_rebounds,0.6500-<0.7000,22,14,descriptive_only,0.6716223539900423,0.5454545454545454,-0.12616780853549692,0.2603911975267653,0.7154564411027949
prop,points_rebounds,0.7000-1.0000,3,2,descriptive_only,0.7616358942319179,0.6666666666666666,-0.09496922756525128,0.1940626893997296,0.5613651763813925
prop,points_rebounds_assists,0.5000-<0.5250,5779,297,inferential,0.5124195885131948,0.502855165253504,-0.009564423259690757,0.25000870361444405,0.6931645837828645
prop,points_rebounds_assists,0.5250-<0.5500,1149,259,inferential,0.5327885353037527,0.5265448215839861,-0.006243713719766619,0.24915457589444617,0.6914540765957078
prop,points_rebounds_assists,0.5500-<0.6000,181,95,descriptive_only,0.5649026567696371,0.5580110497237569,-0.00689160704588021,0.24811099136514858,0.6894237399292968
prop,points_rebounds_assists,0.6000-<0.6500,17,11,descriptive_only,0.6136069678413131,0.5294117647058824,-0.08419520313543072,0.25041027810988387,0.69376467306219
prop,rebounds,0.5000-<0.5250,2124,295,inferential,0.512659353177425,0.4948210922787194,-0.01783826089870555,0.2501046388388828,0.6933565623862803
prop,rebounds,0.5250-<0.5500,1829,297,inferential,0.5367679669139007,0.5325314379442319,-0.004236528969668862,0.24912308553846677,0.6913942016902314
prop,rebounds,0.5500-<0.6000,1919,296,inferential,0.5689804886534363,0.5852006253256905,0.016220136672254193,0.2427346603091042,0.6785411245456227
prop,rebounds,0.6000-<0.6500,416,201,inferential,0.6185153668527585,0.5865384615384616,-0.03197690531429698,0.24308768378525528,0.6793003204403519
prop,rebounds,0.6500-<0.7000,81,63,descriptive_only,0.6684358858718091,0.6419753086419753,-0.02646057722983386,0.23127386630495742,0.6554798968184977
prop,rebounds,0.7000-1.0000,35,29,descriptive_only,0.7414138714576061,0.7428571428571429,0.0014432713995368163,0.1806990694545738,0.5386120905821392
prop,rebounds_assists,0.5000-<0.5250,2323,296,inferential,0.5121364435497521,0.5260439087387,0.01390746518894792,0.24913157535107347,0.6914094505921199
prop,rebounds_assists,0.5250-<0.5500,1425,294,inferential,0.535583798503411,0.5382456140350877,0.00266181553167677,0.24844940767537993,0.6900424880364548
prop,rebounds_assists,0.5500-<0.6000,561,223,inferential,0.5665896351471346,0.5686274509803921,0.0020378158332575724,0.24541851647127846,0.6839618112727336
prop,rebounds_assists,0.6000-<0.6500,79,59,descriptive_only,0.6191327174632135,0.5189873417721519,-0.10014537569106163,0.259880025352319,0.7136460285577126
prop,rebounds_assists,0.6500-<0.7000,19,14,descriptive_only,0.6701204742576392,0.5789473684210527,-0.09117310583658655,0.24855744828348128,0.6908447362497102
prop,rebounds_assists,0.7000-1.0000,5,4,descriptive_only,0.7628720827495961,0.8,0.037127917250403986,0.14481526334324396,0.44734468836339525
prop,steals,0.5000-<0.5250,707,266,inferential,0.5129000432733825,0.5148514851485149,0.0019514418751324092,0.24978984079960292,0.6927269932034565
prop,steals,0.5250-<0.5500,660,267,inferential,0.5375124873776488,0.5121212121212121,-0.025391275256436696,0.25056922627374495,0.6942919258791185
prop,steals,0.5500-<0.6000,1111,290,inferential,0.5737610952466656,0.5571557155715572,-0.016605379675108445,0.24668263697635578,0.6864941885411096
prop,steals,0.6000-<0.6500,846,279,inferential,0.6235391647789578,0.6252955082742316,0.001756343495273871,0.23360420971942683,0.6599286062687608
prop,steals,0.6500-<0.7000,532,245,inferential,0.6735054061683153,0.6372180451127819,-0.03628736105553343,0.23250449933431508,0.6579953103567249
prop,steals,0.7000-1.0000,612,253,inferential,0.7550441595792067,0.7189542483660131,-0.036089911213193604,0.2063091673594277,0.606093018893678
prop,threes,0.5000-<0.5250,928,278,inferential,0.5119747637057013,0.5366379310344828,0.024663167328781488,0.24910487842231954,0.6913560506707304
prop,threes,0.5250-<0.5500,909,288,inferential,0.5372130742128247,0.5643564356435643,0.027143361430739588,0.2462467144143535,0.6856248443105117
prop,threes,0.5500-<0.6000,1426,294,inferential,0.5730835047778441,0.5890603085553997,0.015976803777555615,0.2421859435171905,0.6774379043215316
prop,threes,0.6000-<0.6500,877,287,inferential,0.6221880430335563,0.6168757126567845,-0.005312330376771812,0.23589879597976945,0.6646504532273573
prop,threes,0.6500-<0.7000,367,210,inferential,0.6698795055283766,0.670299727520436,0.0004202219920593775,0.22109761363493102,0.634180776321785
prop,threes,0.7000-1.0000,178,126,descriptive_only,0.7620536262841452,0.702247191011236,-0.059806435272909186,0.20584661240336152,0.5993386427676881
