scope,group_value,rows,games,players,inferential_status,brier_raw,brier_selected,brier_market,logloss_raw,logloss_selected,logloss_market,delta_brier_selected_market,delta_logloss_selected_market,mean_probability_selected,observed_over_rate,calibration_intercept,calibration_slope,calibration_optimizer_converged,ece_deciles,mean_abs_distance_from_0_5,probability_std,probability_min,probability_p05,probability_p25,probability_median,probability_p75,probability_p95,probability_max,reliability_decile_approx,resolution_decile_approx,uncertainty,brier_from_decile_decomposition_approx
prop,assists,5260,297,343,inferential,0.2513828857031146,0.24657108819981674,0.24225457722926982,0.7004171891746175,0.6863823878804702,0.6775021194552245,0.00431651097054697,0.00888026842524572,0.4771195182917309,0.4792775665399239,0.011137923946284602,1.0265800628842263,True,0.02680132382880311,0.042969793125915624,0.05257959859371536,0.18089745837005577,0.3846261902383856,0.4491909863450392,0.48060413385654577,0.5119456164779572,0.5532024928866153,0.9841370967139632,0.0008271672471245278,0.004073681851696571,0.24957058075149272,0.24632406614692068
prop,blocks,4375,296,371,inferential,0.20249948408780577,0.20249948408780577,0.20203557029968286,0.5909463703606228,0.5909463703606228,0.5903635132319374,0.00046391378812292173,0.0005828571286854353,0.32842962701619566,0.3298285714285714,-0.009101852625621996,0.9751965165031902,True,0.014041316478361309,0.1879210938529769,0.13885148057109764,0.0443744100403185,0.12660309132084474,0.21726852023436777,0.3183368158708887,0.4299196804911694,0.5632136065785233,0.7982329647017319,0.00030085132696862826,0.018590712917680913,0.2210416848979592,0.20275182330724692
prop,points,8359,297,370,inferential,0.2591154947884005,0.24997370034688426,0.24913024169674086,0.7142276962017957,0.6930963212659418,0.6914029576667623,0.0008434586501434012,0.0016933635991794934,0.4930440970329022,0.4910874506519919,-0.022998388066265175,0.45338547590667155,True,0.015670018512597746,0.01665031872190618,0.023344064836297952,0.24579520594197657,0.45546722555537617,0.48346806630765415,0.4941784190670677,0.5050345804382785,0.5256802830059097,0.6301843962096381,0.00039123186666979,0.0002873694388030379,0.2499205664641193,0.25002442889198606
prop,points_assists,4947,297,330,inferential,0.2610115846378239,0.25042662407373073,0.25011471755079356,0.7210414280294583,0.694029520683158,0.6933775644838955,0.00031190652293720084,0.0006519561992624882,0.4781841131545499,0.49363250454821106,-1.4282557704204861e-05,0.29046934150886367,True,0.023088513834227803,0.023724815822099114,0.023804529229599934,0.2805486638458523,0.43801908957526875,0.47039671634387287,0.48184347533965505,0.4911711779978063,0.5057199633596853,0.6254650033540938,0.0006768217972440511,0.00026794356300862456,0.24995945500167144,0.25036833323590685
prop,points_rebounds,6015,297,351,inferential,0.26125072291820983,0.2501359415855431,0.24952452813039142,0.7215271438576158,0.69342176997744,0.692195365397031,0.0006114134551516039,0.0012264045804091048,0.4922437473167031,0.4882793017456359,-0.03575555097366397,0.3562972643977124,True,0.019291621830023784,0.020641331927092398,0.029901031662655547,0.19804888179715685,0.44395279156743395,0.4809388989671862,0.4939586850314387,0.5073829917061222,0.532411015124345,0.6671570467645483,0.000517671915876658,0.0002891985486894363,0.2498626252324301,0.2500910985996173
prop,points_rebounds_assists,7126,297,358,inferential,0.26150418930491764,0.24982373983378486,0.2494332190350179,0.7236095113962031,0.6927951950686083,0.6920125843587419,0.00039052079876697096,0.0007826107098663869,0.48518791161569436,0.4879315183833848,-0.014448742843873588,0.5704234172334633,True,0.012804258264468031,0.017278350885541912,0.016295098254648813,0.36384047365631567,0.459791326579576,0.4779893200452359,0.48549924920274173,0.4939863548099624,0.5086734634720311,0.6023927034009265,0.00027276826087621294,0.00037417028613731296,0.24985435175146942,0.24975294972620832
prop,rebounds,6404,297,363,inferential,0.25048768536912674,0.2465425228814946,0.24526918934035902,0.6958213861101746,0.6861186726294194,0.6835280979398025,0.0012733335411356408,0.002590574689616879,0.46223046383957694,0.47173641474078704,0.060291005054034556,1.1450727937193317,True,0.017238731417357402,0.046518710216692606,0.04633811327099104,0.13389731161400678,0.385760046633507,0.4373545022640513,0.4647286540479272,0.49118823371586384,0.5299264114399648,0.992194533454906,0.0006932251025974959,0.0032201026792539112,0.24920116974829523,0.24667429217163883
prop,rebounds_assists,4412,297,328,inferential,0.25449535907751586,0.24851088691189546,0.24842144718389048,0.7060228094741902,0.6901400917923997,0.689982996509257,8.943972800500262e-05,0.00015709528314271324,0.4749333617290494,0.4755213055303717,-0.0012971879849993982,0.9631468529142174,True,0.02009633926189288,0.029513778480329617,0.03089965059379631,0.059290053901375664,0.4234138133651577,0.4609888362846347,0.477987239207282,0.4936181384428965,0.5157071722192657,0.6288906872258465,0.0006032491515866345,0.00156552984852641,0.24940079351706257,0.2484385128201228
prop,steals,4468,296,368,inferential,0.23805377841521544,0.23805377841521544,0.2415007785402136,0.669196000966946,0.669196000966946,0.6760033193017779,-0.0034470001249981776,-0.006807318334831985,0.46848419157846954,0.4695613249776186,-0.01692322718220031,0.8019734553327523,True,0.021346716774367225,0.10490894902184235,0.12842608183849744,0.005162608431292015,0.24530057182346174,0.37859616098961885,0.4851163391226917,0.564656836485743,0.653115622130962,0.7804528332374486,0.0008207644203005035,0.011333559091938344,0.24907348706288185,0.238560692391244
prop,threes,4685,297,335,inferential,0.24158144262028117,0.24013479430526138,0.23667640944946586,0.6770755936924339,0.6730337077622909,0.6654926830290362,0.0034583848557954546,0.0075410247332546865,0.46270103916984656,0.4486659551760939,-0.06925822844747401,0.9222338558753705,True,0.018991215429668806,0.07797365650789222,0.09246537834457069,0.01820280641272045,0.321746473662821,0.4018100324241989,0.46277607712460567,0.5254894154830063,0.6062359171369884,0.844296939554454,0.0006138728797052719,0.00789365004676214,0.24736481584201722,0.24008503867496034
