scope,target,bin_index,bin_low,bin_high,rows,expected_uniform_rows
target,ast,1,0.0,0.1,2826,2867.0
target,ast,2,0.1,0.2,2976,2867.0
target,ast,3,0.2,0.30000000000000004,2936,2867.0
target,ast,4,0.30000000000000004,0.4,2910,2867.0
target,ast,5,0.4,0.5,2923,2867.0
target,ast,6,0.5,0.6000000000000001,2802,2867.0
target,ast,7,0.6000000000000001,0.7000000000000001,2859,2867.0
target,ast,8,0.7000000000000001,0.8,2892,2867.0
target,ast,9,0.8,0.9,2727,2867.0
target,ast,10,0.9,1.0,2819,2867.0
target,blk,1,0.0,0.1,2937,2867.0
target,blk,2,0.1,0.2,2873,2867.0
target,blk,3,0.2,0.30000000000000004,2900,2867.0
target,blk,4,0.30000000000000004,0.4,2810,2867.0
target,blk,5,0.4,0.5,2861,2867.0
target,blk,6,0.5,0.6000000000000001,2837,2867.0
target,blk,7,0.6000000000000001,0.7000000000000001,2848,2867.0
target,blk,8,0.7000000000000001,0.8,2872,2867.0
target,blk,9,0.8,0.9,2898,2867.0
target,blk,10,0.9,1.0,2834,2867.0
target,fg3m,1,0.0,0.1,2901,2867.0
target,fg3m,2,0.1,0.2,2868,2867.0
target,fg3m,3,0.2,0.30000000000000004,2946,2867.0
target,fg3m,4,0.30000000000000004,0.4,2868,2867.0
target,fg3m,5,0.4,0.5,2827,2867.0
target,fg3m,6,0.5,0.6000000000000001,2901,2867.0
target,fg3m,7,0.6000000000000001,0.7000000000000001,2925,2867.0
target,fg3m,8,0.7000000000000001,0.8,2870,2867.0
target,fg3m,9,0.8,0.9,2804,2867.0
target,fg3m,10,0.9,1.0,2760,2867.0
target,pts,1,0.0,0.1,2777,2867.0
target,pts,2,0.1,0.2,2740,2867.0
target,pts,3,0.2,0.30000000000000004,2667,2867.0
target,pts,4,0.30000000000000004,0.4,2951,2867.0
target,pts,5,0.4,0.5,2979,2867.0
target,pts,6,0.5,0.6000000000000001,2924,2867.0
target,pts,7,0.6000000000000001,0.7000000000000001,3081,2867.0
target,pts,8,0.7000000000000001,0.8,2929,2867.0
target,pts,9,0.8,0.9,2796,2867.0
target,pts,10,0.9,1.0,2826,2867.0
target,reb,1,0.0,0.1,2893,2867.0
target,reb,2,0.1,0.2,3034,2867.0
target,reb,3,0.2,0.30000000000000004,2937,2867.0
target,reb,4,0.30000000000000004,0.4,2977,2867.0
target,reb,5,0.4,0.5,2936,2867.0
target,reb,6,0.5,0.6000000000000001,2943,2867.0
target,reb,7,0.6000000000000001,0.7000000000000001,2783,2867.0
target,reb,8,0.7000000000000001,0.8,2772,2867.0
target,reb,9,0.8,0.9,2688,2867.0
target,reb,10,0.9,1.0,2707,2867.0
target,stl,1,0.0,0.1,2888,2867.0
target,stl,2,0.1,0.2,2889,2867.0
target,stl,3,0.2,0.30000000000000004,2818,2867.0
target,stl,4,0.30000000000000004,0.4,2894,2867.0
target,stl,5,0.4,0.5,2928,2867.0
target,stl,6,0.5,0.6000000000000001,2830,2867.0
target,stl,7,0.6000000000000001,0.7000000000000001,2941,2867.0
target,stl,8,0.7000000000000001,0.8,2760,2867.0
target,stl,9,0.8,0.9,2915,2867.0
target,stl,10,0.9,1.0,2807,2867.0
combined_descriptive,ALL,1,0.0,0.1,17222,17202.0
combined_descriptive,ALL,2,0.1,0.2,17380,17202.0
combined_descriptive,ALL,3,0.2,0.30000000000000004,17204,17202.0
combined_descriptive,ALL,4,0.30000000000000004,0.4,17410,17202.0
combined_descriptive,ALL,5,0.4,0.5,17454,17202.0
combined_descriptive,ALL,6,0.5,0.6000000000000001,17237,17202.0
combined_descriptive,ALL,7,0.6000000000000001,0.7000000000000001,17437,17202.0
combined_descriptive,ALL,8,0.7000000000000001,0.8,17095,17202.0
combined_descriptive,ALL,9,0.8,0.9,16828,17202.0
combined_descriptive,ALL,10,0.9,1.0,16753,17202.0
