scope,group_value,bin_index,bin,rows,mean_probability,observed_over_rate,absolute_gap
overall,ALL,1,"(0.00416, 0.383]",5606,0.28166684762986927,0.2966464502318944,0.014979602602025133
overall,ALL,2,"(0.383, 0.441]",5605,0.4174230722788029,0.407850133809099,0.009572938469703862
overall,ALL,3,"(0.441, 0.464]",5605,0.45396207405240446,0.4488849241748439,0.005077149877560583
overall,ALL,4,"(0.464, 0.476]",5605,0.4706293200338177,0.47725245316681536,0.006623133132997672
overall,ALL,5,"(0.476, 0.484]",5605,0.4800087720446456,0.48652988403211417,0.006521111987468575
overall,ALL,6,"(0.484, 0.49]",5605,0.48678766596572953,0.4981266726137377,0.011339006648008187
overall,ALL,7,"(0.49, 0.497]",5605,0.4933764402901537,0.49652096342551294,0.003144523135359234
overall,ALL,8,"(0.497, 0.506]",5605,0.5013996295049316,0.5043710972346119,0.002971467729680377
overall,ALL,9,"(0.506, 0.525]",5605,0.514314194755997,0.5116859946476361,0.0026282001083609563
overall,ALL,10,"(0.525, 0.992]",5605,0.5691109931814315,0.5543264942016057,0.01478449897982581
prop,assists,1,"(0.18, 0.413]",526,0.37347864024661465,0.41254752851711024,0.039068888270495594
prop,assists,2,"(0.413, 0.44]",526,0.42734999915835303,0.4049429657794677,0.022407033378885333
prop,assists,3,"(0.44, 0.456]",526,0.4486689659485543,0.4011406844106464,0.047528281537907946
prop,assists,4,"(0.456, 0.469]",526,0.46260143686086264,0.4296577946768061,0.03294364218405654
prop,assists,5,"(0.469, 0.481]",526,0.474710044376345,0.4543726235741445,0.020337420802200523
prop,assists,6,"(0.481, 0.492]",526,0.4864471957709984,0.49619771863117873,0.009750522860180355
prop,assists,7,"(0.492, 0.505]",526,0.49838976069838575,0.5190114068441065,0.020621646145720762
prop,assists,8,"(0.505, 0.52]",526,0.5121134376367059,0.5437262357414449,0.03161279810473894
prop,assists,9,"(0.52, 0.537]",526,0.5277745923904269,0.5475285171102662,0.019753924719839278
prop,assists,10,"(0.537, 0.984]",526,0.5596611098300627,0.5836501901140685,0.023989080284005815
prop,blocks,1,"(0.0434, 0.15]",438,0.12295856315764536,0.1324200913242009,0.009461528166555544
prop,blocks,2,"(0.15, 0.192]",437,0.17003861886876515,0.14416475972540047,0.02587385914336468
prop,blocks,3,"(0.192, 0.239]",438,0.21643159682248705,0.2511415525114155,0.03470995568892846
prop,blocks,4,"(0.239, 0.274]",437,0.25685328366240795,0.2768878718535469,0.020034588191138958
prop,blocks,5,"(0.274, 0.318]",438,0.2952638102326512,0.2853881278538813,0.009875682378769901
prop,blocks,6,"(0.318, 0.36]",437,0.33967488155436504,0.33867276887871856,0.0010021126756464827
prop,blocks,7,"(0.36, 0.404]",437,0.38200868603993393,0.36384439359267734,0.01816429244725659
prop,blocks,8,"(0.404, 0.461]",438,0.4312534702518897,0.4246575342465753,0.0065959360053143845
prop,blocks,9,"(0.461, 0.524]",437,0.4927383392900284,0.505720823798627,0.012982484508598624
prop,blocks,10,"(0.524, 0.798]",438,0.5770731154286655,0.5753424657534246,0.0017306496752408362
prop,points,1,"(0.245, 0.469]",836,0.44665182074102483,0.4605263157894737,0.013874495048448843
prop,points,2,"(0.469, 0.48]",836,0.47546720832576533,0.47248803827751196,0.0029791700482533767
prop,points,3,"(0.48, 0.486]",836,0.48334018387095956,0.5179425837320574,0.03460239986109781
prop,points,4,"(0.486, 0.49]",836,0.488291441770327,0.5083732057416268,0.020081763971299793
prop,points,5,"(0.49, 0.494]",836,0.4922586526292823,0.4820574162679426,0.010201236361339738
prop,points,6,"(0.494, 0.498]",835,0.49630355540001664,0.49580838323353293,0.0004951721664837039
prop,points,7,"(0.498, 0.503]",836,0.500430067577274,0.47607655502392343,0.02435351255335061
prop,points,8,"(0.503, 0.508]",836,0.5051195457576811,0.5047846889952153,0.0003348567624658072
prop,points,9,"(0.508, 0.517]",836,0.5119543287425168,0.4964114832535885,0.015542845488928259
prop,points,10,"(0.517, 0.63]",836,0.530628064387819,0.4964114832535885,0.03421658113423043
prop,points_assists,1,"(0.28, 0.454]",495,0.42709602446753325,0.47878787878787876,0.05169185432034551
prop,points_assists,2,"(0.454, 0.466]",495,0.4612105147277373,0.47878787878787876,0.017577364060141487
prop,points_assists,3,"(0.466, 0.473]",494,0.4701231764715015,0.4979757085020243,0.027852532030522792
prop,points_assists,4,"(0.473, 0.478]",495,0.47561769809892485,0.498989898989899,0.023372200890974137
prop,points_assists,5,"(0.478, 0.482]",495,0.47978796227797643,0.4909090909090909,0.011121128631114474
prop,points_assists,6,"(0.482, 0.485]",494,0.48355792410507037,0.5040485829959515,0.020490658890881086
prop,points_assists,7,"(0.485, 0.489]",495,0.48720746900954864,0.49696969696969695,0.009762227960148306
prop,points_assists,8,"(0.489, 0.494]",494,0.491247372927846,0.46356275303643724,0.027684619891408746
prop,points_assists,9,"(0.494, 0.5]",495,0.49647528340613883,0.5272727272727272,0.030797443866588392
prop,points_assists,10,"(0.5, 0.625]",495,0.5095386679401736,0.498989898989899,0.010548768950274567
prop,points_rebounds,1,"(0.197, 0.462]",602,0.43220530229156107,0.446843853820598,0.014638551529036925
prop,points_rebounds,2,"(0.462, 0.477]",601,0.4705156532898207,0.4825291181364393,0.012013464846618582
prop,points_rebounds,3,"(0.477, 0.484]",602,0.4807468155394713,0.5132890365448505,0.03254222100537918
prop,points_rebounds,4,"(0.484, 0.489]",601,0.4867328366717542,0.5041597337770383,0.017426897105284056
prop,points_rebounds,5,"(0.489, 0.494]",602,0.49168336608617813,0.48172757475083056,0.009955791335347575
prop,points_rebounds,6,"(0.494, 0.499]",601,0.49631025124285416,0.4891846921797005,0.0071255590631536525
prop,points_rebounds,7,"(0.499, 0.504]",601,0.5015172576348007,0.49916805324459235,0.0023492043902083592
prop,points_rebounds,8,"(0.504, 0.511]",602,0.5075051420413272,0.4833887043189369,0.02411643772239036
prop,points_rebounds,9,"(0.511, 0.522]",601,0.5161413809595263,0.4858569051580699,0.030284475801456434
prop,points_rebounds,10,"(0.522, 0.667]",602,0.5390960764516228,0.49667774086378735,0.042418335587835476
prop,points_rebounds_assists,1,"(0.363, 0.468]",713,0.4533918842161329,0.4431977559607293,0.010194128255403612
prop,points_rebounds_assists,2,"(0.468, 0.476]",713,0.47286094651639055,0.48106591865357645,0.008204972137185906
prop,points_rebounds_assists,3,"(0.476, 0.48]",712,0.47795648109214606,0.4803370786516854,0.0023805975595393436
prop,points_rebounds_assists,4,"(0.48, 0.483]",713,0.48127402552486837,0.5021037868162693,0.02082976129140096
prop,points_rebounds_assists,5,"(0.483, 0.485]",712,0.4841145700661451,0.4803370786516854,0.0037774914144597105
prop,points_rebounds_assists,6,"(0.485, 0.488]",713,0.4868996602049619,0.511921458625526,0.025021798420564068
prop,points_rebounds_assists,7,"(0.488, 0.492]",712,0.4901211723317042,0.4957865168539326,0.005665344522228388
prop,points_rebounds_assists,8,"(0.492, 0.497]",713,0.49408107525131456,0.5007012622720898,0.0066201870207752145
prop,points_rebounds_assists,9,"(0.497, 0.503]",712,0.4994300115265383,0.5084269662921348,0.008996954765596477
prop,points_rebounds_assists,10,"(0.503, 0.602]",713,0.5117645356939978,0.47545582047685836,0.036308715217139464
prop,rebounds,1,"(0.133, 0.407]",641,0.3734091381157441,0.39313572542901715,0.019726587313273036
prop,rebounds,2,"(0.407, 0.43]",640,0.41964303315489193,0.3953125,0.02433053315489192
prop,rebounds,3,"(0.43, 0.443]",640,0.436885141030689,0.4265625,0.010322641030688973
prop,rebounds,4,"(0.443, 0.454]",641,0.44864638336026824,0.44461778471138846,0.004028598648879778
prop,rebounds,5,"(0.454, 0.465]",640,0.4595055231708264,0.4625,0.0029944768291736423
prop,rebounds,6,"(0.465, 0.475]",640,0.46977517860591245,0.471875,0.002099821394087542
prop,rebounds,7,"(0.475, 0.485]",641,0.4794744666827853,0.49453978159126366,0.015065314908478344
prop,rebounds,8,"(0.485, 0.499]",640,0.4913247768195646,0.5640625,0.07273772318043542
prop,rebounds,9,"(0.499, 0.516]",640,0.5066105031328781,0.5109375,0.004326996867121902
prop,rebounds,10,"(0.516, 0.992]",641,0.5370466587104733,0.5538221528861155,0.01677549417564217
prop,rebounds_assists,1,"(0.0583, 0.44]",442,0.411686425476783,0.4343891402714932,0.0227027147947102
prop,rebounds_assists,2,"(0.44, 0.457]",441,0.44963803609931535,0.4444444444444444,0.005193591654870933
prop,rebounds_assists,3,"(0.457, 0.465]",441,0.46101610791911474,0.45351473922902497,0.007501368690089771
prop,rebounds_assists,4,"(0.465, 0.472]",443,0.46842304783589933,0.4604966139954853,0.007926433840414027
prop,rebounds_assists,5,"(0.472, 0.478]",440,0.4749511057651022,0.45227272727272727,0.022678378492374918
prop,rebounds_assists,6,"(0.478, 0.484]",440,0.4809868432357508,0.44772727272727275,0.033259570508478054
prop,rebounds_assists,7,"(0.484, 0.49]",442,0.4871333373805706,0.4660633484162896,0.021069988964280972
prop,rebounds_assists,8,"(0.49, 0.498]",441,0.4937375797048913,0.5419501133786848,0.04821253367379352
prop,rebounds_assists,9,"(0.498, 0.508]",441,0.5022813071269794,0.5034013605442177,0.0011200534172383092
prop,rebounds_assists,10,"(0.508, 0.629]",441,0.5196388716756329,0.5510204081632653,0.03138153648763231
prop,steals,1,"(0.00416, 0.285]",447,0.22989000207716356,0.29977628635346754,0.06988628427630397
prop,steals,2,"(0.285, 0.35]",447,0.31693488098490935,0.3288590604026846,0.011924179417775238
prop,steals,3,"(0.35, 0.406]",447,0.37886734493759217,0.3691275167785235,0.009739828159068653
prop,steals,4,"(0.406, 0.449]",446,0.42863755293505706,0.437219730941704,0.008582178006646957
prop,steals,5,"(0.449, 0.485]",447,0.4672290075398731,0.4742729306487696,0.007043923108896455
prop,steals,6,"(0.485, 0.517]",447,0.5012452890594967,0.5078299776286354,0.00658468856913863
prop,steals,7,"(0.517, 0.547]",446,0.531860922178306,0.5044843049327354,0.02737661724557061
prop,steals,8,"(0.547, 0.581]",447,0.5645389046772149,0.5279642058165548,0.036574698860660115
prop,steals,9,"(0.581, 0.626]",447,0.6026712232542824,0.610738255033557,0.008067031779274703
prop,steals,10,"(0.626, 0.78]",447,0.6630194281675483,0.6353467561521253,0.027672672015423005
prop,threes,1,"(0.0172, 0.351]",469,0.30000610466639277,0.2942430703624733,0.005763034303919445
prop,threes,2,"(0.351, 0.387]",468,0.3708374995223129,0.358974358974359,0.011863140547953899
prop,threes,3,"(0.387, 0.415]",469,0.40154957642267025,0.39872068230277186,0.0028288941198983952
prop,threes,4,"(0.415, 0.439]",468,0.42710719518589585,0.4017094017094017,0.025397793476494124
prop,threes,5,"(0.439, 0.463]",469,0.45136697979503015,0.4051172707889126,0.04624970900611758
prop,threes,6,"(0.463, 0.489]",468,0.4753595903912562,0.44871794871794873,0.02664164167330746
prop,threes,7,"(0.489, 0.513]",468,0.500935925022748,0.5021367521367521,0.0012008271140041549
prop,threes,8,"(0.513, 0.539]",469,0.5252748267664487,0.5330490405117271,0.007774213745278424
prop,threes,9,"(0.539, 0.573]",468,0.554697340699265,0.5705128205128205,0.015815479813555466
prop,threes,10,"(0.573, 0.844]",469,0.6199082580344896,0.5735607675906184,0.04634749044387121
