scope,group_value,rows,games,push_rate,multiclass_brier_selected,multiclass_logscore_selected
overall,ALL,56051,297,0.0,0.4874149576789479,0.679961087941026
prop,assists,5260,297,0.0,0.4931426352780315,0.6863878009354724
prop,blocks,4375,296,0.0,0.40499896817561154,0.5909463703606228
prop,points,8359,297,0.0,0.49994740069376853,0.6930963212659418
prop,points_assists,4947,297,0.0,0.5008532481474615,0.694029520683158
prop,points_rebounds,6015,297,0.0,0.5002718831710862,0.6934217699774402
prop,points_rebounds_assists,7126,297,0.0,0.4996474796675697,0.6927951950686082
prop,rebounds,6404,297,0.0,0.4930853739058154,0.6861232517183988
prop,rebounds_assists,4412,297,0.0,0.4970217738237909,0.6901400917923995
prop,steals,4468,296,0.0,0.4761075568304309,0.669196000966946
prop,threes,4685,297,0.0,0.48026958861052266,0.673033707762291
